sample,location,date,formula,conc
1,Confital_1,2020-04-28T00:00:00Z,toc,79.6
1,Confital_1,2020-04-28T00:00:00Z,ton,7
1,Confital_1,2020-04-28T00:00:00Z,silicate,0.72
1,Confital_1,2020-04-28T00:00:00Z,phosphate,0.05
1,Confital_1,2020-04-28T00:00:00Z,ammonium,0.78
1,Confital_1,2020-04-28T00:00:00Z,nitrates_and_nitrites,0.73
2,Confital_1,2020-05-26T00:00:00Z,toc,72.1
2,Confital_1,2020-05-26T00:00:00Z,ton,8.3
2,Confital_1,2020-05-26T00:00:00Z,silicate,0.64
2,Confital_1,2020-05-26T00:00:00Z,phosphate,0.02
2,Confital_1,2020-05-26T00:00:00Z,ammonium,0.12
2,Confital_1,2020-05-26T00:00:00Z,nitrates_and_nitrites,1.44
3,Confital_1,2020-07-06T00:00:00Z,toc,93.6
3,Confital_1,2020-07-06T00:00:00Z,ton,6.8
3,Confital_1,2020-07-06T00:00:00Z,silicate,2.08
3,Confital_1,2020-07-06T00:00:00Z,phosphate,1.24
3,Confital_1,2020-07-06T00:00:00Z,ammonium,0.69
3,Confital_1,2020-07-06T00:00:00Z,nitrates_and_nitrites,3.33
4,Confital_1,2020-08-10T00:00:00Z,toc,114.3
4,Confital_1,2020-08-10T00:00:00Z,ton,34.7
4,Confital_1,2020-08-10T00:00:00Z,silicate,0.36
4,Confital_1,2020-08-10T00:00:00Z,phosphate,0.93
4,Confital_1,2020-08-10T00:00:00Z,ammonium,1.01
4,Confital_1,2020-08-10T00:00:00Z,nitrates_and_nitrites,0.98
5,Confital_1,2020-08-31T00:00:00Z,toc,82.8
5,Confital_1,2020-08-31T00:00:00Z,ton,9.2
5,Confital_1,2020-08-31T00:00:00Z,silicate,1.08
5,Confital_1,2020-08-31T00:00:00Z,phosphate,0.17
5,Confital_1,2020-08-31T00:00:00Z,ammonium,0.23
5,Confital_1,2020-08-31T00:00:00Z,nitrates_and_nitrites,1.74
6,Confital_1,2020-10-05T00:00:00Z,toc,75.3
6,Confital_1,2020-10-05T00:00:00Z,ton,8.7
6,Confital_1,2020-10-05T00:00:00Z,silicate,0.9
6,Confital_1,2020-10-05T00:00:00Z,phosphate,0.15
6,Confital_1,2020-10-05T00:00:00Z,ammonium,0.5
6,Confital_1,2020-10-05T00:00:00Z,nitrates_and_nitrites,1.31
7,Confital_1,2020-11-02T00:00:00Z,toc,75.7
7,Confital_1,2020-11-02T00:00:00Z,ton,7.6
7,Confital_1,2020-11-02T00:00:00Z,silicate,1.7
7,Confital_1,2020-11-02T00:00:00Z,phosphate,0.07
7,Confital_1,2020-11-02T00:00:00Z,ammonium,0.29
7,Confital_1,2020-11-02T00:00:00Z,nitrates_and_nitrites,2.19
8,Confital_1,2020-12-01T00:00:00Z,toc,72.4
8,Confital_1,2020-12-01T00:00:00Z,ton,6.6
8,Confital_1,2020-12-01T00:00:00Z,silicate,0.96
8,Confital_1,2020-12-01T00:00:00Z,phosphate,0.15
8,Confital_1,2020-12-01T00:00:00Z,ammonium,0.12
8,Confital_1,2020-12-01T00:00:00Z,nitrates_and_nitrites,1.08
9,Confital_1,2021-01-18T00:00:00Z,toc,68.3
9,Confital_1,2021-01-18T00:00:00Z,ton,7.1
9,Confital_1,2021-01-18T00:00:00Z,silicate,0.94
9,Confital_1,2021-01-18T00:00:00Z,phosphate,0.2
9,Confital_1,2021-01-18T00:00:00Z,ammonium,0.12
9,Confital_1,2021-01-18T00:00:00Z,nitrates_and_nitrites,1.6
10,Confital_1,2021-03-02T00:00:00Z,toc,NA
10,Confital_1,2021-03-02T00:00:00Z,ton,9.5
10,Confital_1,2021-03-02T00:00:00Z,silicate,0.22
10,Confital_1,2021-03-02T00:00:00Z,phosphate,0.06
10,Confital_1,2021-03-02T00:00:00Z,ammonium,0.18
10,Confital_1,2021-03-02T00:00:00Z,nitrates_and_nitrites,0.12
11,Confital_1,2021-04-14T00:00:00Z,toc,NA
11,Confital_1,2021-04-14T00:00:00Z,ton,11.8
11,Confital_1,2021-04-14T00:00:00Z,silicate,0.16
11,Confital_1,2021-04-14T00:00:00Z,phosphate,0.03
11,Confital_1,2021-04-14T00:00:00Z,ammonium,0.08
11,Confital_1,2021-04-14T00:00:00Z,nitrates_and_nitrites,0.03
12,Confital_1,2021-05-12T00:00:00Z,toc,68.4
12,Confital_1,2021-05-12T00:00:00Z,ton,13.3
12,Confital_1,2021-05-12T00:00:00Z,silicate,0.54
12,Confital_1,2021-05-12T00:00:00Z,phosphate,0
12,Confital_1,2021-05-12T00:00:00Z,ammonium,0.12
12,Confital_1,2021-05-12T00:00:00Z,nitrates_and_nitrites,0.03
13,Confital_1,2021-06-28T00:00:00Z,toc,78
13,Confital_1,2021-06-28T00:00:00Z,ton,12.9
13,Confital_1,2021-06-28T00:00:00Z,silicate,0.55
13,Confital_1,2021-06-28T00:00:00Z,phosphate,0.1
13,Confital_1,2021-06-28T00:00:00Z,ammonium,0.16
13,Confital_1,2021-06-28T00:00:00Z,nitrates_and_nitrites,0.13
14,Confital_1,2021-07-27T00:00:00Z,toc,83.2
14,Confital_1,2021-07-27T00:00:00Z,ton,8.7
14,Confital_1,2021-07-27T00:00:00Z,silicate,0.52
14,Confital_1,2021-07-27T00:00:00Z,phosphate,0.01
14,Confital_1,2021-07-27T00:00:00Z,ammonium,0.26
14,Confital_1,2021-07-27T00:00:00Z,nitrates_and_nitrites,0.04
15,Confital_1,2021-12-13T00:00:00Z,toc,65.9
15,Confital_1,2021-12-13T00:00:00Z,ton,4.8
15,Confital_1,2021-12-13T00:00:00Z,silicate,0.4
15,Confital_1,2021-12-13T00:00:00Z,phosphate,0.09
15,Confital_1,2021-12-13T00:00:00Z,ammonium,0.11
15,Confital_1,2021-12-13T00:00:00Z,nitrates_and_nitrites,0.12
16,Confital_1,2022-01-24T00:00:00Z,toc,59.7
16,Confital_1,2022-01-24T00:00:00Z,ton,27.4
16,Confital_1,2022-01-24T00:00:00Z,silicate,0.29
16,Confital_1,2022-01-24T00:00:00Z,phosphate,0.05
16,Confital_1,2022-01-24T00:00:00Z,ammonium,0.13
16,Confital_1,2022-01-24T00:00:00Z,nitrates_and_nitrites,0.03
17,Confital_1,2022-02-15T00:00:00Z,toc,64
17,Confital_1,2022-02-15T00:00:00Z,ton,23.1
17,Confital_1,2022-02-15T00:00:00Z,silicate,0.29
17,Confital_1,2022-02-15T00:00:00Z,phosphate,0.05
17,Confital_1,2022-02-15T00:00:00Z,ammonium,0.06
17,Confital_1,2022-02-15T00:00:00Z,nitrates_and_nitrites,0.03
18,Confital_1,2022-03-21T00:00:00Z,toc,70.2
18,Confital_1,2022-03-21T00:00:00Z,ton,20.6
18,Confital_1,2022-03-21T00:00:00Z,silicate,0.34
18,Confital_1,2022-03-21T00:00:00Z,phosphate,0.04
18,Confital_1,2022-03-21T00:00:00Z,ammonium,0.21
18,Confital_1,2022-03-21T00:00:00Z,nitrates_and_nitrites,0.03
19,Confital_1,2022-04-18T00:00:00Z,toc,64.1
19,Confital_1,2022-04-18T00:00:00Z,ton,20.3
19,Confital_1,2022-04-18T00:00:00Z,silicate,0.045
19,Confital_1,2022-04-18T00:00:00Z,phosphate,0
19,Confital_1,2022-04-18T00:00:00Z,ammonium,0.02
19,Confital_1,2022-04-18T00:00:00Z,nitrates_and_nitrites,0.01
20,Confital_1,2022-05-16T00:00:00Z,toc,70.9
20,Confital_1,2022-05-16T00:00:00Z,ton,23.1
20,Confital_1,2022-05-16T00:00:00Z,silicate,0.015
20,Confital_1,2022-05-16T00:00:00Z,phosphate,0
20,Confital_1,2022-05-16T00:00:00Z,ammonium,0.02
20,Confital_1,2022-05-16T00:00:00Z,nitrates_and_nitrites,0
21,Confital_1,2022-06-14T00:00:00Z,toc,74.8
21,Confital_1,2022-06-14T00:00:00Z,ton,17.7
21,Confital_1,2022-06-14T00:00:00Z,silicate,0.045
21,Confital_1,2022-06-14T00:00:00Z,phosphate,0
21,Confital_1,2022-06-14T00:00:00Z,ammonium,0.09
21,Confital_1,2022-06-14T00:00:00Z,nitrates_and_nitrites,0.07
22,Confital_1,2022-07-28T00:00:00Z,toc,63.4
22,Confital_1,2022-07-28T00:00:00Z,ton,19
22,Confital_1,2022-07-28T00:00:00Z,silicate,0.015
22,Confital_1,2022-07-28T00:00:00Z,phosphate,0
22,Confital_1,2022-07-28T00:00:00Z,ammonium,0.42
22,Confital_1,2022-07-28T00:00:00Z,nitrates_and_nitrites,0
23,Confital_1,2022-08-25T00:00:00Z,toc,68.2
23,Confital_1,2022-08-25T00:00:00Z,ton,15.7
23,Confital_1,2022-08-25T00:00:00Z,silicate,0.03
23,Confital_1,2022-08-25T00:00:00Z,phosphate,0
23,Confital_1,2022-08-25T00:00:00Z,ammonium,0.06
23,Confital_1,2022-08-25T00:00:00Z,nitrates_and_nitrites,0
24,Confital_1,2022-10-10T00:00:00Z,toc,68.1
24,Confital_1,2022-10-10T00:00:00Z,ton,19.98
24,Confital_1,2022-10-10T00:00:00Z,silicate,0.025
24,Confital_1,2022-10-10T00:00:00Z,phosphate,0
24,Confital_1,2022-10-10T00:00:00Z,ammonium,0.15
24,Confital_1,2022-10-10T00:00:00Z,nitrates_and_nitrites,0.045
25,Confital_1,2022-11-10T00:00:00Z,toc,76.3
25,Confital_1,2022-11-10T00:00:00Z,ton,6.41
25,Confital_1,2022-11-10T00:00:00Z,silicate,0.45
25,Confital_1,2022-11-10T00:00:00Z,phosphate,0
25,Confital_1,2022-11-10T00:00:00Z,ammonium,0.06
25,Confital_1,2022-11-10T00:00:00Z,nitrates_and_nitrites,0.01
26,Confital_1,2023-01-24T00:00:00Z,toc,76.6
26,Confital_1,2023-01-24T00:00:00Z,ton,5.51
26,Confital_1,2023-01-24T00:00:00Z,silicate,0.26
26,Confital_1,2023-01-24T00:00:00Z,phosphate,0
26,Confital_1,2023-01-24T00:00:00Z,ammonium,0.09
26,Confital_1,2023-01-24T00:00:00Z,nitrates_and_nitrites,0
27,Confital_1,2023-02-22T00:00:00Z,toc,74.7
27,Confital_1,2023-02-22T00:00:00Z,ton,5.3
27,Confital_1,2023-02-22T00:00:00Z,silicate,0.49
27,Confital_1,2023-02-22T00:00:00Z,phosphate,0
27,Confital_1,2023-02-22T00:00:00Z,ammonium,0.1
27,Confital_1,2023-02-22T00:00:00Z,nitrates_and_nitrites,0
28,Confital_1,2023-03-30T00:00:00Z,toc,70.06
28,Confital_1,2023-03-30T00:00:00Z,ton,11.73
28,Confital_1,2023-03-30T00:00:00Z,silicate,0.28
28,Confital_1,2023-03-30T00:00:00Z,phosphate,0
28,Confital_1,2023-03-30T00:00:00Z,ammonium,0.06
28,Confital_1,2023-03-30T00:00:00Z,nitrates_and_nitrites,0
29,Confital_1,2023-04-30T00:00:00Z,toc,86.82
29,Confital_1,2023-04-30T00:00:00Z,ton,13.46
29,Confital_1,2023-04-30T00:00:00Z,silicate,0.65
29,Confital_1,2023-04-30T00:00:00Z,phosphate,0
29,Confital_1,2023-04-30T00:00:00Z,ammonium,0.02
29,Confital_1,2023-04-30T00:00:00Z,nitrates_and_nitrites,0.2
30,Confital_2,2020-04-28T00:00:00Z,toc,72.6
30,Confital_2,2020-04-28T00:00:00Z,ton,8.1
30,Confital_2,2020-04-28T00:00:00Z,silicate,0.28
30,Confital_2,2020-04-28T00:00:00Z,phosphate,0.04
30,Confital_2,2020-04-28T00:00:00Z,ammonium,0.84
30,Confital_2,2020-04-28T00:00:00Z,nitrates_and_nitrites,0.01
31,Confital_2,2020-05-26T00:00:00Z,toc,70.2
31,Confital_2,2020-05-26T00:00:00Z,ton,7.7
31,Confital_2,2020-05-26T00:00:00Z,silicate,0.06
31,Confital_2,2020-05-26T00:00:00Z,phosphate,0.02
31,Confital_2,2020-05-26T00:00:00Z,ammonium,0.19
31,Confital_2,2020-05-26T00:00:00Z,nitrates_and_nitrites,0.04
32,Confital_2,2020-07-06T00:00:00Z,toc,102.2
32,Confital_2,2020-07-06T00:00:00Z,ton,5.6
32,Confital_2,2020-07-06T00:00:00Z,silicate,0.18
32,Confital_2,2020-07-06T00:00:00Z,phosphate,1.46
32,Confital_2,2020-07-06T00:00:00Z,ammonium,1.16
32,Confital_2,2020-07-06T00:00:00Z,nitrates_and_nitrites,0.21
33,Confital_2,2020-08-10T00:00:00Z,toc,70.2
33,Confital_2,2020-08-10T00:00:00Z,ton,4.4
33,Confital_2,2020-08-10T00:00:00Z,silicate,0.04
33,Confital_2,2020-08-10T00:00:00Z,phosphate,0.21
33,Confital_2,2020-08-10T00:00:00Z,ammonium,0.82
33,Confital_2,2020-08-10T00:00:00Z,nitrates_and_nitrites,0.13
34,Confital_2,2020-08-31T00:00:00Z,toc,72.9
34,Confital_2,2020-08-31T00:00:00Z,ton,7.4
34,Confital_2,2020-08-31T00:00:00Z,silicate,0.04
34,Confital_2,2020-08-31T00:00:00Z,phosphate,0.08
34,Confital_2,2020-08-31T00:00:00Z,ammonium,0.18
34,Confital_2,2020-08-31T00:00:00Z,nitrates_and_nitrites,0.04
35,Confital_2,2020-10-05T00:00:00Z,toc,82.4
35,Confital_2,2020-10-05T00:00:00Z,ton,6.9
35,Confital_2,2020-10-05T00:00:00Z,silicate,0.44
35,Confital_2,2020-10-05T00:00:00Z,phosphate,0.05
35,Confital_2,2020-10-05T00:00:00Z,ammonium,0.5
35,Confital_2,2020-10-05T00:00:00Z,nitrates_and_nitrites,0.35
36,Confital_2,2020-11-02T00:00:00Z,toc,73.5
36,Confital_2,2020-11-02T00:00:00Z,ton,6.9
36,Confital_2,2020-11-02T00:00:00Z,silicate,0.8
36,Confital_2,2020-11-02T00:00:00Z,phosphate,0.03
36,Confital_2,2020-11-02T00:00:00Z,ammonium,0.19
36,Confital_2,2020-11-02T00:00:00Z,nitrates_and_nitrites,0.27
37,Confital_2,2020-12-01T00:00:00Z,toc,79.9
37,Confital_2,2020-12-01T00:00:00Z,ton,7
37,Confital_2,2020-12-01T00:00:00Z,silicate,0.14
37,Confital_2,2020-12-01T00:00:00Z,phosphate,0.08
37,Confital_2,2020-12-01T00:00:00Z,ammonium,0.11
37,Confital_2,2020-12-01T00:00:00Z,nitrates_and_nitrites,0.05
38,Confital_2,2021-01-18T00:00:00Z,toc,78
38,Confital_2,2021-01-18T00:00:00Z,ton,9.8
38,Confital_2,2021-01-18T00:00:00Z,silicate,0.12
38,Confital_2,2021-01-18T00:00:00Z,phosphate,0.06
38,Confital_2,2021-01-18T00:00:00Z,ammonium,0.11
38,Confital_2,2021-01-18T00:00:00Z,nitrates_and_nitrites,0.04
39,Confital_2,2021-03-02T00:00:00Z,toc,NA
39,Confital_2,2021-03-02T00:00:00Z,ton,19.4
39,Confital_2,2021-03-02T00:00:00Z,silicate,6.1
39,Confital_2,2021-03-02T00:00:00Z,phosphate,0.08
39,Confital_2,2021-03-02T00:00:00Z,ammonium,0.15
39,Confital_2,2021-03-02T00:00:00Z,nitrates_and_nitrites,9.58
40,Confital_2,2021-04-14T00:00:00Z,toc,NA
40,Confital_2,2021-04-14T00:00:00Z,ton,13.9
40,Confital_2,2021-04-14T00:00:00Z,silicate,3.08
40,Confital_2,2021-04-14T00:00:00Z,phosphate,0.03
40,Confital_2,2021-04-14T00:00:00Z,ammonium,0.09
40,Confital_2,2021-04-14T00:00:00Z,nitrates_and_nitrites,3.94
41,Confital_2,2021-05-12T00:00:00Z,toc,67.5
41,Confital_2,2021-05-12T00:00:00Z,ton,14.3
41,Confital_2,2021-05-12T00:00:00Z,silicate,2.67
41,Confital_2,2021-05-12T00:00:00Z,phosphate,0.01
41,Confital_2,2021-05-12T00:00:00Z,ammonium,0.32
41,Confital_2,2021-05-12T00:00:00Z,nitrates_and_nitrites,3.35
42,Confital_2,2021-06-28T00:00:00Z,toc,102.9
42,Confital_2,2021-06-28T00:00:00Z,ton,18
42,Confital_2,2021-06-28T00:00:00Z,silicate,1.84
42,Confital_2,2021-06-28T00:00:00Z,phosphate,0.01
42,Confital_2,2021-06-28T00:00:00Z,ammonium,0.36
42,Confital_2,2021-06-28T00:00:00Z,nitrates_and_nitrites,2.23
43,La_Puntilla,2020-04-28T00:00:00Z,toc,81.7
43,La_Puntilla,2020-04-28T00:00:00Z,ton,25
43,La_Puntilla,2020-04-28T00:00:00Z,silicate,1.14
43,La_Puntilla,2020-04-28T00:00:00Z,phosphate,0.15
43,La_Puntilla,2020-04-28T00:00:00Z,ammonium,1.11
43,La_Puntilla,2020-04-28T00:00:00Z,nitrates_and_nitrites,0.07
44,La_Puntilla,2020-05-26T00:00:00Z,toc,116.1
44,La_Puntilla,2020-05-26T00:00:00Z,ton,8.7
44,La_Puntilla,2020-05-26T00:00:00Z,silicate,0.78
44,La_Puntilla,2020-05-26T00:00:00Z,phosphate,0.05
44,La_Puntilla,2020-05-26T00:00:00Z,ammonium,0.55
44,La_Puntilla,2020-05-26T00:00:00Z,nitrates_and_nitrites,0.02
45,La_Puntilla,2020-07-06T00:00:00Z,toc,93.9
45,La_Puntilla,2020-07-06T00:00:00Z,ton,8.2
45,La_Puntilla,2020-07-06T00:00:00Z,silicate,0.82
45,La_Puntilla,2020-07-06T00:00:00Z,phosphate,0.03
45,La_Puntilla,2020-07-06T00:00:00Z,ammonium,0.5
45,La_Puntilla,2020-07-06T00:00:00Z,nitrates_and_nitrites,0.13
46,La_Puntilla,2020-08-10T00:00:00Z,toc,86
46,La_Puntilla,2020-08-10T00:00:00Z,ton,7.9
46,La_Puntilla,2020-08-10T00:00:00Z,silicate,0.4
46,La_Puntilla,2020-08-10T00:00:00Z,phosphate,0.02
46,La_Puntilla,2020-08-10T00:00:00Z,ammonium,1.28
46,La_Puntilla,2020-08-10T00:00:00Z,nitrates_and_nitrites,0.1
47,La_Puntilla,2020-08-31T00:00:00Z,toc,87.2
47,La_Puntilla,2020-08-31T00:00:00Z,ton,7.8
47,La_Puntilla,2020-08-31T00:00:00Z,silicate,0.96
47,La_Puntilla,2020-08-31T00:00:00Z,phosphate,0.08
47,La_Puntilla,2020-08-31T00:00:00Z,ammonium,0.6
47,La_Puntilla,2020-08-31T00:00:00Z,nitrates_and_nitrites,0.12
48,La_Puntilla,2020-10-05T00:00:00Z,toc,116.7
48,La_Puntilla,2020-10-05T00:00:00Z,ton,4.9
48,La_Puntilla,2020-10-05T00:00:00Z,silicate,0.64
48,La_Puntilla,2020-10-05T00:00:00Z,phosphate,0.05
48,La_Puntilla,2020-10-05T00:00:00Z,ammonium,0.93
48,La_Puntilla,2020-10-05T00:00:00Z,nitrates_and_nitrites,0.1
49,La_Puntilla,2020-11-02T00:00:00Z,toc,57
49,La_Puntilla,2020-11-02T00:00:00Z,ton,5.6
49,La_Puntilla,2020-11-02T00:00:00Z,silicate,0.88
49,La_Puntilla,2020-11-02T00:00:00Z,phosphate,0.05
49,La_Puntilla,2020-11-02T00:00:00Z,ammonium,0.71
49,La_Puntilla,2020-11-02T00:00:00Z,nitrates_and_nitrites,0.23
50,La_Puntilla,2020-12-01T00:00:00Z,toc,69.3
50,La_Puntilla,2020-12-01T00:00:00Z,ton,6.4
50,La_Puntilla,2020-12-01T00:00:00Z,silicate,1.74
50,La_Puntilla,2020-12-01T00:00:00Z,phosphate,0.14
50,La_Puntilla,2020-12-01T00:00:00Z,ammonium,0.53
50,La_Puntilla,2020-12-01T00:00:00Z,nitrates_and_nitrites,0.28
51,La_Puntilla,2021-01-18T00:00:00Z,toc,69.1
51,La_Puntilla,2021-01-18T00:00:00Z,ton,7.7
51,La_Puntilla,2021-01-18T00:00:00Z,silicate,0.5
51,La_Puntilla,2021-01-18T00:00:00Z,phosphate,0.04
51,La_Puntilla,2021-01-18T00:00:00Z,ammonium,0.38
51,La_Puntilla,2021-01-18T00:00:00Z,nitrates_and_nitrites,0.07
52,La_Puntilla,2021-03-02T00:00:00Z,toc,NA
52,La_Puntilla,2021-03-02T00:00:00Z,ton,12.7
52,La_Puntilla,2021-03-02T00:00:00Z,silicate,0.8
52,La_Puntilla,2021-03-02T00:00:00Z,phosphate,0.05
52,La_Puntilla,2021-03-02T00:00:00Z,ammonium,0.47
52,La_Puntilla,2021-03-02T00:00:00Z,nitrates_and_nitrites,0.02
53,La_Puntilla,2021-04-14T00:00:00Z,toc,NA
53,La_Puntilla,2021-04-14T00:00:00Z,ton,16.6
53,La_Puntilla,2021-04-14T00:00:00Z,silicate,0.86
53,La_Puntilla,2021-04-14T00:00:00Z,phosphate,0.03
53,La_Puntilla,2021-04-14T00:00:00Z,ammonium,0.37
53,La_Puntilla,2021-04-14T00:00:00Z,nitrates_and_nitrites,0.12
54,La_Puntilla,2021-05-12T00:00:00Z,toc,70.3
54,La_Puntilla,2021-05-12T00:00:00Z,ton,10.7
54,La_Puntilla,2021-05-12T00:00:00Z,silicate,1.46
54,La_Puntilla,2021-05-12T00:00:00Z,phosphate,0.04
54,La_Puntilla,2021-05-12T00:00:00Z,ammonium,0.04
54,La_Puntilla,2021-05-12T00:00:00Z,nitrates_and_nitrites,0.07
55,La_Puntilla,2021-06-28T00:00:00Z,toc,87.2
55,La_Puntilla,2021-06-28T00:00:00Z,ton,16
55,La_Puntilla,2021-06-28T00:00:00Z,silicate,1.32
55,La_Puntilla,2021-06-28T00:00:00Z,phosphate,0.07
55,La_Puntilla,2021-06-28T00:00:00Z,ammonium,0.2
55,La_Puntilla,2021-06-28T00:00:00Z,nitrates_and_nitrites,0.08
56,Hotel_Cristina,2020-04-28T00:00:00Z,toc,66.3
56,Hotel_Cristina,2020-04-28T00:00:00Z,ton,6.8
56,Hotel_Cristina,2020-04-28T00:00:00Z,silicate,1.6
56,Hotel_Cristina,2020-04-28T00:00:00Z,phosphate,0.04
56,Hotel_Cristina,2020-04-28T00:00:00Z,ammonium,0.43
56,Hotel_Cristina,2020-04-28T00:00:00Z,nitrates_and_nitrites,0.11
57,Hotel_Cristina,2020-05-26T00:00:00Z,toc,125.1
57,Hotel_Cristina,2020-05-26T00:00:00Z,ton,9
57,Hotel_Cristina,2020-05-26T00:00:00Z,silicate,1.48
57,Hotel_Cristina,2020-05-26T00:00:00Z,phosphate,0.01
57,Hotel_Cristina,2020-05-26T00:00:00Z,ammonium,0.5
57,Hotel_Cristina,2020-05-26T00:00:00Z,nitrates_and_nitrites,0.04
58,Hotel_Cristina,2020-07-06T00:00:00Z,toc,79.5
58,Hotel_Cristina,2020-07-06T00:00:00Z,ton,6.1
58,Hotel_Cristina,2020-07-06T00:00:00Z,silicate,1.82
58,Hotel_Cristina,2020-07-06T00:00:00Z,phosphate,0.03
58,Hotel_Cristina,2020-07-06T00:00:00Z,ammonium,0.24
58,Hotel_Cristina,2020-07-06T00:00:00Z,nitrates_and_nitrites,0.14
59,Hotel_Cristina,2020-08-10T00:00:00Z,toc,89.7
59,Hotel_Cristina,2020-08-10T00:00:00Z,ton,7
59,Hotel_Cristina,2020-08-10T00:00:00Z,silicate,1.12
59,Hotel_Cristina,2020-08-10T00:00:00Z,phosphate,0.01
59,Hotel_Cristina,2020-08-10T00:00:00Z,ammonium,1.12
59,Hotel_Cristina,2020-08-10T00:00:00Z,nitrates_and_nitrites,0.1
60,Hotel_Cristina,2020-08-31T00:00:00Z,toc,64
60,Hotel_Cristina,2020-08-31T00:00:00Z,ton,5.7
60,Hotel_Cristina,2020-08-31T00:00:00Z,silicate,0.9
60,Hotel_Cristina,2020-08-31T00:00:00Z,phosphate,0.05
60,Hotel_Cristina,2020-08-31T00:00:00Z,ammonium,0.95
60,Hotel_Cristina,2020-08-31T00:00:00Z,nitrates_and_nitrites,0.17
61,Hotel_Cristina,2020-10-05T00:00:00Z,toc,72.5
61,Hotel_Cristina,2020-10-05T00:00:00Z,ton,4.4
61,Hotel_Cristina,2020-10-05T00:00:00Z,silicate,0.76
61,Hotel_Cristina,2020-10-05T00:00:00Z,phosphate,0.03
61,Hotel_Cristina,2020-10-05T00:00:00Z,ammonium,0.81
61,Hotel_Cristina,2020-10-05T00:00:00Z,nitrates_and_nitrites,0.19
62,Hotel_Cristina,2020-11-02T00:00:00Z,toc,53.3
62,Hotel_Cristina,2020-11-02T00:00:00Z,ton,6.5
62,Hotel_Cristina,2020-11-02T00:00:00Z,silicate,1.54
62,Hotel_Cristina,2020-11-02T00:00:00Z,phosphate,0.06
62,Hotel_Cristina,2020-11-02T00:00:00Z,ammonium,0.45
62,Hotel_Cristina,2020-11-02T00:00:00Z,nitrates_and_nitrites,0.2
63,Hotel_Cristina,2020-12-01T00:00:00Z,toc,67.1
63,Hotel_Cristina,2020-12-01T00:00:00Z,ton,6.9
63,Hotel_Cristina,2020-12-01T00:00:00Z,silicate,0.94
63,Hotel_Cristina,2020-12-01T00:00:00Z,phosphate,0.08
63,Hotel_Cristina,2020-12-01T00:00:00Z,ammonium,0.51
63,Hotel_Cristina,2020-12-01T00:00:00Z,nitrates_and_nitrites,0.18
64,Hotel_Cristina,2021-01-18T00:00:00Z,toc,85.8
64,Hotel_Cristina,2021-01-18T00:00:00Z,ton,7.5
64,Hotel_Cristina,2021-01-18T00:00:00Z,silicate,1.76
64,Hotel_Cristina,2021-01-18T00:00:00Z,phosphate,0.1
64,Hotel_Cristina,2021-01-18T00:00:00Z,ammonium,0.42
64,Hotel_Cristina,2021-01-18T00:00:00Z,nitrates_and_nitrites,0.07
65,Hotel_Cristina,2021-03-02T00:00:00Z,toc,NA
65,Hotel_Cristina,2021-03-02T00:00:00Z,ton,13.5
65,Hotel_Cristina,2021-03-02T00:00:00Z,silicate,1.06
65,Hotel_Cristina,2021-03-02T00:00:00Z,phosphate,0.04
65,Hotel_Cristina,2021-03-02T00:00:00Z,ammonium,0.3
65,Hotel_Cristina,2021-03-02T00:00:00Z,nitrates_and_nitrites,0.07
66,Hotel_Cristina,2021-04-14T00:00:00Z,toc,NA
66,Hotel_Cristina,2021-04-14T00:00:00Z,ton,18.4
66,Hotel_Cristina,2021-04-14T00:00:00Z,silicate,3.1
66,Hotel_Cristina,2021-04-14T00:00:00Z,phosphate,0.12
66,Hotel_Cristina,2021-04-14T00:00:00Z,ammonium,0.46
66,Hotel_Cristina,2021-04-14T00:00:00Z,nitrates_and_nitrites,0.6
67,Hotel_Cristina,2021-05-12T00:00:00Z,toc,67.4
67,Hotel_Cristina,2021-05-12T00:00:00Z,ton,9.4
67,Hotel_Cristina,2021-05-12T00:00:00Z,silicate,1.07
67,Hotel_Cristina,2021-05-12T00:00:00Z,phosphate,0
67,Hotel_Cristina,2021-05-12T00:00:00Z,ammonium,0.16
67,Hotel_Cristina,2021-05-12T00:00:00Z,nitrates_and_nitrites,0.02
68,Hotel_Cristina,2021-06-28T00:00:00Z,toc,79.7
68,Hotel_Cristina,2021-06-28T00:00:00Z,ton,16.1
68,Hotel_Cristina,2021-06-28T00:00:00Z,silicate,3.75
68,Hotel_Cristina,2021-06-28T00:00:00Z,phosphate,0.14
68,Hotel_Cristina,2021-06-28T00:00:00Z,ammonium,0.04
68,Hotel_Cristina,2021-06-28T00:00:00Z,nitrates_and_nitrites,0.34
69,Hotel_Cristina,2021-07-27T00:00:00Z,toc,75.7
69,Hotel_Cristina,2021-07-27T00:00:00Z,ton,11.2
69,Hotel_Cristina,2021-07-27T00:00:00Z,silicate,2.51
69,Hotel_Cristina,2021-07-27T00:00:00Z,phosphate,0.08
69,Hotel_Cristina,2021-07-27T00:00:00Z,ammonium,0.2
69,Hotel_Cristina,2021-07-27T00:00:00Z,nitrates_and_nitrites,0.24
70,Hotel_Cristina,2021-12-13T00:00:00Z,toc,64
70,Hotel_Cristina,2021-12-13T00:00:00Z,ton,5.7
70,Hotel_Cristina,2021-12-13T00:00:00Z,silicate,1.17
70,Hotel_Cristina,2021-12-13T00:00:00Z,phosphate,0.09
70,Hotel_Cristina,2021-12-13T00:00:00Z,ammonium,0.04
70,Hotel_Cristina,2021-12-13T00:00:00Z,nitrates_and_nitrites,0.21
71,Hotel_Cristina,2022-01-24T00:00:00Z,toc,59.2
71,Hotel_Cristina,2022-01-24T00:00:00Z,ton,23.7
71,Hotel_Cristina,2022-01-24T00:00:00Z,silicate,0.89
71,Hotel_Cristina,2022-01-24T00:00:00Z,phosphate,0.09
71,Hotel_Cristina,2022-01-24T00:00:00Z,ammonium,0.12
71,Hotel_Cristina,2022-01-24T00:00:00Z,nitrates_and_nitrites,0.12
72,Hotel_Cristina,2022-02-15T00:00:00Z,toc,61.6
72,Hotel_Cristina,2022-02-15T00:00:00Z,ton,16.8
72,Hotel_Cristina,2022-02-15T00:00:00Z,silicate,1.06
72,Hotel_Cristina,2022-02-15T00:00:00Z,phosphate,0.07
72,Hotel_Cristina,2022-02-15T00:00:00Z,ammonium,0.07
72,Hotel_Cristina,2022-02-15T00:00:00Z,nitrates_and_nitrites,0.1
73,Hotel_Cristina,2022-03-21T00:00:00Z,toc,56.3
73,Hotel_Cristina,2022-03-21T00:00:00Z,ton,11.9
73,Hotel_Cristina,2022-03-21T00:00:00Z,silicate,1.43
73,Hotel_Cristina,2022-03-21T00:00:00Z,phosphate,0.12
73,Hotel_Cristina,2022-03-21T00:00:00Z,ammonium,0
73,Hotel_Cristina,2022-03-21T00:00:00Z,nitrates_and_nitrites,0.25
74,Hotel_Cristina,2022-04-18T00:00:00Z,toc,60.5
74,Hotel_Cristina,2022-04-18T00:00:00Z,ton,14.2
74,Hotel_Cristina,2022-04-18T00:00:00Z,silicate,0.345
74,Hotel_Cristina,2022-04-18T00:00:00Z,phosphate,0.01
74,Hotel_Cristina,2022-04-18T00:00:00Z,ammonium,0.02
74,Hotel_Cristina,2022-04-18T00:00:00Z,nitrates_and_nitrites,0.165
75,Hotel_Cristina,2022-05-16T00:00:00Z,toc,68.7
75,Hotel_Cristina,2022-05-16T00:00:00Z,ton,22.8
75,Hotel_Cristina,2022-05-16T00:00:00Z,silicate,0.4
75,Hotel_Cristina,2022-05-16T00:00:00Z,phosphate,0.01
75,Hotel_Cristina,2022-05-16T00:00:00Z,ammonium,0.27
75,Hotel_Cristina,2022-05-16T00:00:00Z,nitrates_and_nitrites,0.265
76,Hotel_Cristina,2022-06-14T00:00:00Z,toc,75.5
76,Hotel_Cristina,2022-06-14T00:00:00Z,ton,18
76,Hotel_Cristina,2022-06-14T00:00:00Z,silicate,0.55
76,Hotel_Cristina,2022-06-14T00:00:00Z,phosphate,0.01
76,Hotel_Cristina,2022-06-14T00:00:00Z,ammonium,0.025
76,Hotel_Cristina,2022-06-14T00:00:00Z,nitrates_and_nitrites,0.245
77,Hotel_Cristina,2022-07-28T00:00:00Z,toc,66
77,Hotel_Cristina,2022-07-28T00:00:00Z,ton,16.7
77,Hotel_Cristina,2022-07-28T00:00:00Z,silicate,0.505
77,Hotel_Cristina,2022-07-28T00:00:00Z,phosphate,0.01
77,Hotel_Cristina,2022-07-28T00:00:00Z,ammonium,0.055
77,Hotel_Cristina,2022-07-28T00:00:00Z,nitrates_and_nitrites,0.115
78,Hotel_Cristina,2022-08-25T00:00:00Z,toc,68.3
78,Hotel_Cristina,2022-08-25T00:00:00Z,ton,16.4
78,Hotel_Cristina,2022-08-25T00:00:00Z,silicate,0.24
78,Hotel_Cristina,2022-08-25T00:00:00Z,phosphate,0.01
78,Hotel_Cristina,2022-08-25T00:00:00Z,ammonium,0.055
78,Hotel_Cristina,2022-08-25T00:00:00Z,nitrates_and_nitrites,0
79,Hotel_Cristina,2022-10-10T00:00:00Z,toc,67.6
79,Hotel_Cristina,2022-10-10T00:00:00Z,ton,18.23
79,Hotel_Cristina,2022-10-10T00:00:00Z,silicate,0.31
79,Hotel_Cristina,2022-10-10T00:00:00Z,phosphate,0.01
79,Hotel_Cristina,2022-10-10T00:00:00Z,ammonium,0.08
79,Hotel_Cristina,2022-10-10T00:00:00Z,nitrates_and_nitrites,0.365
80,Hotel_Cristina,2022-11-10T00:00:00Z,toc,74.5
80,Hotel_Cristina,2022-11-10T00:00:00Z,ton,10.63
80,Hotel_Cristina,2022-11-10T00:00:00Z,silicate,1.61
80,Hotel_Cristina,2022-11-10T00:00:00Z,phosphate,0.06
80,Hotel_Cristina,2022-11-10T00:00:00Z,ammonium,0.12
80,Hotel_Cristina,2022-11-10T00:00:00Z,nitrates_and_nitrites,0.31
81,Hotel_Cristina,2023-01-24T00:00:00Z,toc,83.2
81,Hotel_Cristina,2023-01-24T00:00:00Z,ton,33.98
81,Hotel_Cristina,2023-01-24T00:00:00Z,silicate,1.78
81,Hotel_Cristina,2023-01-24T00:00:00Z,phosphate,0.07
81,Hotel_Cristina,2023-01-24T00:00:00Z,ammonium,0.1
81,Hotel_Cristina,2023-01-24T00:00:00Z,nitrates_and_nitrites,0.12
82,Hotel_Cristina,2023-02-22T00:00:00Z,toc,78.7
82,Hotel_Cristina,2023-02-22T00:00:00Z,ton,9.23
82,Hotel_Cristina,2023-02-22T00:00:00Z,silicate,2.83
82,Hotel_Cristina,2023-02-22T00:00:00Z,phosphate,0.14
82,Hotel_Cristina,2023-02-22T00:00:00Z,ammonium,0.15
82,Hotel_Cristina,2023-02-22T00:00:00Z,nitrates_and_nitrites,0.24
83,Hotel_Cristina,2023-03-30T00:00:00Z,toc,68.9
83,Hotel_Cristina,2023-03-30T00:00:00Z,ton,13.5
83,Hotel_Cristina,2023-03-30T00:00:00Z,silicate,1.2
83,Hotel_Cristina,2023-03-30T00:00:00Z,phosphate,0.03
83,Hotel_Cristina,2023-03-30T00:00:00Z,ammonium,0
83,Hotel_Cristina,2023-03-30T00:00:00Z,nitrates_and_nitrites,0.06
84,Hotel_Cristina,2023-04-30T00:00:00Z,toc,112.4
84,Hotel_Cristina,2023-04-30T00:00:00Z,ton,10
84,Hotel_Cristina,2023-04-30T00:00:00Z,silicate,2.19
84,Hotel_Cristina,2023-04-30T00:00:00Z,phosphate,0.2
84,Hotel_Cristina,2023-04-30T00:00:00Z,ammonium,0
84,Hotel_Cristina,2023-04-30T00:00:00Z,nitrates_and_nitrites,0.08
85,Reina_Isabel,2020-04-28T00:00:00Z,toc,68.7
85,Reina_Isabel,2020-04-28T00:00:00Z,ton,3.1
85,Reina_Isabel,2020-04-28T00:00:00Z,silicate,1.04
85,Reina_Isabel,2020-04-28T00:00:00Z,phosphate,2.34
85,Reina_Isabel,2020-04-28T00:00:00Z,ammonium,1.8
85,Reina_Isabel,2020-04-28T00:00:00Z,nitrates_and_nitrites,0.11
86,Reina_Isabel,2020-05-26T00:00:00Z,toc,79.5
86,Reina_Isabel,2020-05-26T00:00:00Z,ton,8.8
86,Reina_Isabel,2020-05-26T00:00:00Z,silicate,1.12
86,Reina_Isabel,2020-05-26T00:00:00Z,phosphate,0.01
86,Reina_Isabel,2020-05-26T00:00:00Z,ammonium,0.29
86,Reina_Isabel,2020-05-26T00:00:00Z,nitrates_and_nitrites,0.09
87,Reina_Isabel,2020-07-06T00:00:00Z,toc,100.7
87,Reina_Isabel,2020-07-06T00:00:00Z,ton,7.7
87,Reina_Isabel,2020-07-06T00:00:00Z,silicate,1.3
87,Reina_Isabel,2020-07-06T00:00:00Z,phosphate,0.06
87,Reina_Isabel,2020-07-06T00:00:00Z,ammonium,0.64
87,Reina_Isabel,2020-07-06T00:00:00Z,nitrates_and_nitrites,0.11
88,Reina_Isabel,2020-08-10T00:00:00Z,toc,85.1
88,Reina_Isabel,2020-08-10T00:00:00Z,ton,5.8
88,Reina_Isabel,2020-08-10T00:00:00Z,silicate,0.36
88,Reina_Isabel,2020-08-10T00:00:00Z,phosphate,0.07
88,Reina_Isabel,2020-08-10T00:00:00Z,ammonium,1.14
88,Reina_Isabel,2020-08-10T00:00:00Z,nitrates_and_nitrites,0.09
89,Reina_Isabel,2020-08-31T00:00:00Z,toc,84.5
89,Reina_Isabel,2020-08-31T00:00:00Z,ton,7.5
89,Reina_Isabel,2020-08-31T00:00:00Z,silicate,0.76
89,Reina_Isabel,2020-08-31T00:00:00Z,phosphate,0.06
89,Reina_Isabel,2020-08-31T00:00:00Z,ammonium,0.34
89,Reina_Isabel,2020-08-31T00:00:00Z,nitrates_and_nitrites,0.18
90,Reina_Isabel,2020-10-05T00:00:00Z,toc,83
90,Reina_Isabel,2020-10-05T00:00:00Z,ton,5.5
90,Reina_Isabel,2020-10-05T00:00:00Z,silicate,0.66
90,Reina_Isabel,2020-10-05T00:00:00Z,phosphate,0.06
90,Reina_Isabel,2020-10-05T00:00:00Z,ammonium,0.33
90,Reina_Isabel,2020-10-05T00:00:00Z,nitrates_and_nitrites,0.18
91,Reina_Isabel,2020-11-02T00:00:00Z,toc,58.8
91,Reina_Isabel,2020-11-02T00:00:00Z,ton,5.7
91,Reina_Isabel,2020-11-02T00:00:00Z,silicate,1.6
91,Reina_Isabel,2020-11-02T00:00:00Z,phosphate,0.11
91,Reina_Isabel,2020-11-02T00:00:00Z,ammonium,1.59
91,Reina_Isabel,2020-11-02T00:00:00Z,nitrates_and_nitrites,0.47
92,Reina_Isabel,2020-12-01T00:00:00Z,toc,61.6
92,Reina_Isabel,2020-12-01T00:00:00Z,ton,6.9
92,Reina_Isabel,2020-12-01T00:00:00Z,silicate,1.14
92,Reina_Isabel,2020-12-01T00:00:00Z,phosphate,0.07
92,Reina_Isabel,2020-12-01T00:00:00Z,ammonium,0.52
92,Reina_Isabel,2020-12-01T00:00:00Z,nitrates_and_nitrites,0.49
93,Reina_Isabel,2021-01-18T00:00:00Z,toc,68.1
93,Reina_Isabel,2021-01-18T00:00:00Z,ton,7.3
93,Reina_Isabel,2021-01-18T00:00:00Z,silicate,0.42
93,Reina_Isabel,2021-01-18T00:00:00Z,phosphate,0.01
93,Reina_Isabel,2021-01-18T00:00:00Z,ammonium,0.39
93,Reina_Isabel,2021-01-18T00:00:00Z,nitrates_and_nitrites,0.13
94,Reina_Isabel,2021-03-02T00:00:00Z,toc,NA
94,Reina_Isabel,2021-03-02T00:00:00Z,ton,10.3
94,Reina_Isabel,2021-03-02T00:00:00Z,silicate,2.32
94,Reina_Isabel,2021-03-02T00:00:00Z,phosphate,0.02
94,Reina_Isabel,2021-03-02T00:00:00Z,ammonium,0.45
94,Reina_Isabel,2021-03-02T00:00:00Z,nitrates_and_nitrites,0.46
95,Reina_Isabel,2021-04-14T00:00:00Z,toc,NA
95,Reina_Isabel,2021-04-14T00:00:00Z,ton,12.4
95,Reina_Isabel,2021-04-14T00:00:00Z,silicate,2.94
95,Reina_Isabel,2021-04-14T00:00:00Z,phosphate,0.02
95,Reina_Isabel,2021-04-14T00:00:00Z,ammonium,0.05
95,Reina_Isabel,2021-04-14T00:00:00Z,nitrates_and_nitrites,0.58
96,Reina_Isabel,2021-05-12T00:00:00Z,toc,63.7
96,Reina_Isabel,2021-05-12T00:00:00Z,ton,10.5
96,Reina_Isabel,2021-05-12T00:00:00Z,silicate,1.55
96,Reina_Isabel,2021-05-12T00:00:00Z,phosphate,0.02
96,Reina_Isabel,2021-05-12T00:00:00Z,ammonium,0.06
96,Reina_Isabel,2021-05-12T00:00:00Z,nitrates_and_nitrites,0.15
97,Reina_Isabel,2021-06-28T00:00:00Z,toc,82.2
97,Reina_Isabel,2021-06-28T00:00:00Z,ton,16.3
97,Reina_Isabel,2021-06-28T00:00:00Z,silicate,4.64
97,Reina_Isabel,2021-06-28T00:00:00Z,phosphate,0.09
97,Reina_Isabel,2021-06-28T00:00:00Z,ammonium,0.18
97,Reina_Isabel,2021-06-28T00:00:00Z,nitrates_and_nitrites,0.51
98,Playa_Chica,2020-04-28T00:00:00Z,toc,69.1
98,Playa_Chica,2020-04-28T00:00:00Z,ton,5.1
98,Playa_Chica,2020-04-28T00:00:00Z,silicate,1.5
98,Playa_Chica,2020-04-28T00:00:00Z,phosphate,0.02
98,Playa_Chica,2020-04-28T00:00:00Z,ammonium,1.22
98,Playa_Chica,2020-04-28T00:00:00Z,nitrates_and_nitrites,0.28
99,Playa_Chica,2020-05-26T00:00:00Z,toc,76.1
99,Playa_Chica,2020-05-26T00:00:00Z,ton,7.5
99,Playa_Chica,2020-05-26T00:00:00Z,silicate,2.06
99,Playa_Chica,2020-05-26T00:00:00Z,phosphate,0.02
99,Playa_Chica,2020-05-26T00:00:00Z,ammonium,0.78
99,Playa_Chica,2020-05-26T00:00:00Z,nitrates_and_nitrites,0.75
100,Playa_Chica,2020-07-06T00:00:00Z,toc,96.2
100,Playa_Chica,2020-07-06T00:00:00Z,ton,8
100,Playa_Chica,2020-07-06T00:00:00Z,silicate,1.62
100,Playa_Chica,2020-07-06T00:00:00Z,phosphate,0.02
100,Playa_Chica,2020-07-06T00:00:00Z,ammonium,0.52
100,Playa_Chica,2020-07-06T00:00:00Z,nitrates_and_nitrites,0.32
101,Playa_Chica,2020-08-10T00:00:00Z,toc,83.3
101,Playa_Chica,2020-08-10T00:00:00Z,ton,8
101,Playa_Chica,2020-08-10T00:00:00Z,silicate,1.58
101,Playa_Chica,2020-08-10T00:00:00Z,phosphate,0.06
101,Playa_Chica,2020-08-10T00:00:00Z,ammonium,1.21
101,Playa_Chica,2020-08-10T00:00:00Z,nitrates_and_nitrites,0.53
102,Playa_Chica,2020-08-31T00:00:00Z,toc,83.6
102,Playa_Chica,2020-08-31T00:00:00Z,ton,5.8
102,Playa_Chica,2020-08-31T00:00:00Z,silicate,3.5
102,Playa_Chica,2020-08-31T00:00:00Z,phosphate,0.1
102,Playa_Chica,2020-08-31T00:00:00Z,ammonium,0.54
102,Playa_Chica,2020-08-31T00:00:00Z,nitrates_and_nitrites,2.57
103,Playa_Chica,2020-10-05T00:00:00Z,toc,88.4
103,Playa_Chica,2020-10-05T00:00:00Z,ton,4.9
103,Playa_Chica,2020-10-05T00:00:00Z,silicate,1.32
103,Playa_Chica,2020-10-05T00:00:00Z,phosphate,0
103,Playa_Chica,2020-10-05T00:00:00Z,ammonium,0.34
103,Playa_Chica,2020-10-05T00:00:00Z,nitrates_and_nitrites,0.36
104,Playa_Chica,2020-11-02T00:00:00Z,toc,58.8
104,Playa_Chica,2020-11-02T00:00:00Z,ton,6
104,Playa_Chica,2020-11-02T00:00:00Z,silicate,1.64
104,Playa_Chica,2020-11-02T00:00:00Z,phosphate,0.04
104,Playa_Chica,2020-11-02T00:00:00Z,ammonium,0.53
104,Playa_Chica,2020-11-02T00:00:00Z,nitrates_and_nitrites,0.41
105,Playa_Chica,2020-12-01T00:00:00Z,toc,60.2
105,Playa_Chica,2020-12-01T00:00:00Z,ton,4.4
105,Playa_Chica,2020-12-01T00:00:00Z,silicate,0.98
105,Playa_Chica,2020-12-01T00:00:00Z,phosphate,0.05
105,Playa_Chica,2020-12-01T00:00:00Z,ammonium,0.39
105,Playa_Chica,2020-12-01T00:00:00Z,nitrates_and_nitrites,0.43
106,Playa_Chica,2021-01-18T00:00:00Z,toc,75.6
106,Playa_Chica,2021-01-18T00:00:00Z,ton,8.1
106,Playa_Chica,2021-01-18T00:00:00Z,silicate,1.16
106,Playa_Chica,2021-01-18T00:00:00Z,phosphate,0.03
106,Playa_Chica,2021-01-18T00:00:00Z,ammonium,0.09
106,Playa_Chica,2021-01-18T00:00:00Z,nitrates_and_nitrites,0.39
107,Playa_Chica,2021-03-02T00:00:00Z,toc,NA
107,Playa_Chica,2021-03-02T00:00:00Z,ton,15.4
107,Playa_Chica,2021-03-02T00:00:00Z,silicate,2.1
107,Playa_Chica,2021-03-02T00:00:00Z,phosphate,0.03
107,Playa_Chica,2021-03-02T00:00:00Z,ammonium,0.11
107,Playa_Chica,2021-03-02T00:00:00Z,nitrates_and_nitrites,0.43
108,Playa_Chica,2021-04-14T00:00:00Z,toc,NA
108,Playa_Chica,2021-04-14T00:00:00Z,ton,14.9
108,Playa_Chica,2021-04-14T00:00:00Z,silicate,3.5
108,Playa_Chica,2021-04-14T00:00:00Z,phosphate,0.02
108,Playa_Chica,2021-04-14T00:00:00Z,ammonium,0.19
108,Playa_Chica,2021-04-14T00:00:00Z,nitrates_and_nitrites,2.4
109,Playa_Chica,2021-05-12T00:00:00Z,toc,69.2
109,Playa_Chica,2021-05-12T00:00:00Z,ton,12.3
109,Playa_Chica,2021-05-12T00:00:00Z,silicate,1.57
109,Playa_Chica,2021-05-12T00:00:00Z,phosphate,0.01
109,Playa_Chica,2021-05-12T00:00:00Z,ammonium,0.14
109,Playa_Chica,2021-05-12T00:00:00Z,nitrates_and_nitrites,0.19
110,Playa_Chica,2021-06-28T00:00:00Z,toc,68.8
110,Playa_Chica,2021-06-28T00:00:00Z,ton,13.8
110,Playa_Chica,2021-06-28T00:00:00Z,silicate,4
110,Playa_Chica,2021-06-28T00:00:00Z,phosphate,0.07
110,Playa_Chica,2021-06-28T00:00:00Z,ammonium,0.22
110,Playa_Chica,2021-06-28T00:00:00Z,nitrates_and_nitrites,0.97
111,Pena_la_Vieja,2020-04-28T00:00:00Z,toc,63.7
111,Pena_la_Vieja,2020-04-28T00:00:00Z,ton,6.1
111,Pena_la_Vieja,2020-04-28T00:00:00Z,silicate,1.54
111,Pena_la_Vieja,2020-04-28T00:00:00Z,phosphate,0.01
111,Pena_la_Vieja,2020-04-28T00:00:00Z,ammonium,1.4
111,Pena_la_Vieja,2020-04-28T00:00:00Z,nitrates_and_nitrites,1.19
112,Pena_la_Vieja,2020-05-26T00:00:00Z,toc,86.2
112,Pena_la_Vieja,2020-05-26T00:00:00Z,ton,8.5
112,Pena_la_Vieja,2020-05-26T00:00:00Z,silicate,1.5
112,Pena_la_Vieja,2020-05-26T00:00:00Z,phosphate,0
112,Pena_la_Vieja,2020-05-26T00:00:00Z,ammonium,0.28
112,Pena_la_Vieja,2020-05-26T00:00:00Z,nitrates_and_nitrites,0.29
113,Pena_la_Vieja,2020-07-06T00:00:00Z,toc,88.4
113,Pena_la_Vieja,2020-07-06T00:00:00Z,ton,5.8
113,Pena_la_Vieja,2020-07-06T00:00:00Z,silicate,1.68
113,Pena_la_Vieja,2020-07-06T00:00:00Z,phosphate,0.7
113,Pena_la_Vieja,2020-07-06T00:00:00Z,ammonium,1.4
113,Pena_la_Vieja,2020-07-06T00:00:00Z,nitrates_and_nitrites,0.36
114,Pena_la_Vieja,2020-08-10T00:00:00Z,toc,79.3
114,Pena_la_Vieja,2020-08-10T00:00:00Z,ton,8.3
114,Pena_la_Vieja,2020-08-10T00:00:00Z,silicate,0.8
114,Pena_la_Vieja,2020-08-10T00:00:00Z,phosphate,0.07
114,Pena_la_Vieja,2020-08-10T00:00:00Z,ammonium,4.03
114,Pena_la_Vieja,2020-08-10T00:00:00Z,nitrates_and_nitrites,0.68
115,Pena_la_Vieja,2020-08-31T00:00:00Z,toc,77.9
115,Pena_la_Vieja,2020-08-31T00:00:00Z,ton,7
115,Pena_la_Vieja,2020-08-31T00:00:00Z,silicate,0.8
115,Pena_la_Vieja,2020-08-31T00:00:00Z,phosphate,0.14
115,Pena_la_Vieja,2020-08-31T00:00:00Z,ammonium,0.33
115,Pena_la_Vieja,2020-08-31T00:00:00Z,nitrates_and_nitrites,0.29
116,Pena_la_Vieja,2020-10-05T00:00:00Z,toc,140.4
116,Pena_la_Vieja,2020-10-05T00:00:00Z,ton,6.9
116,Pena_la_Vieja,2020-10-05T00:00:00Z,silicate,1.42
116,Pena_la_Vieja,2020-10-05T00:00:00Z,phosphate,0
116,Pena_la_Vieja,2020-10-05T00:00:00Z,ammonium,0.43
116,Pena_la_Vieja,2020-10-05T00:00:00Z,nitrates_and_nitrites,0.42
117,Pena_la_Vieja,2020-11-02T00:00:00Z,toc,52.9
117,Pena_la_Vieja,2020-11-02T00:00:00Z,ton,6
117,Pena_la_Vieja,2020-11-02T00:00:00Z,silicate,1.56
117,Pena_la_Vieja,2020-11-02T00:00:00Z,phosphate,0.1
117,Pena_la_Vieja,2020-11-02T00:00:00Z,ammonium,0.43
117,Pena_la_Vieja,2020-11-02T00:00:00Z,nitrates_and_nitrites,0.44
118,Pena_la_Vieja,2020-12-01T00:00:00Z,toc,90.6
118,Pena_la_Vieja,2020-12-01T00:00:00Z,ton,11
118,Pena_la_Vieja,2020-12-01T00:00:00Z,silicate,1.74
118,Pena_la_Vieja,2020-12-01T00:00:00Z,phosphate,0.13
118,Pena_la_Vieja,2020-12-01T00:00:00Z,ammonium,0.21
118,Pena_la_Vieja,2020-12-01T00:00:00Z,nitrates_and_nitrites,0.58
119,Pena_la_Vieja,2021-01-18T00:00:00Z,toc,68.9
119,Pena_la_Vieja,2021-01-18T00:00:00Z,ton,10
119,Pena_la_Vieja,2021-01-18T00:00:00Z,silicate,1.3
119,Pena_la_Vieja,2021-01-18T00:00:00Z,phosphate,0.1
119,Pena_la_Vieja,2021-01-18T00:00:00Z,ammonium,0.15
119,Pena_la_Vieja,2021-01-18T00:00:00Z,nitrates_and_nitrites,0.31
120,Pena_la_Vieja,2021-03-02T00:00:00Z,toc,NA
120,Pena_la_Vieja,2021-03-02T00:00:00Z,ton,16.3
120,Pena_la_Vieja,2021-03-02T00:00:00Z,silicate,1.04
120,Pena_la_Vieja,2021-03-02T00:00:00Z,phosphate,0.09
120,Pena_la_Vieja,2021-03-02T00:00:00Z,ammonium,0.26
120,Pena_la_Vieja,2021-03-02T00:00:00Z,nitrates_and_nitrites,0.13
121,Pena_la_Vieja,2021-04-14T00:00:00Z,toc,NA
121,Pena_la_Vieja,2021-04-14T00:00:00Z,ton,13.8
121,Pena_la_Vieja,2021-04-14T00:00:00Z,silicate,1.34
121,Pena_la_Vieja,2021-04-14T00:00:00Z,phosphate,0.06
121,Pena_la_Vieja,2021-04-14T00:00:00Z,ammonium,0.22
121,Pena_la_Vieja,2021-04-14T00:00:00Z,nitrates_and_nitrites,0.35
122,Pena_la_Vieja,2021-05-12T00:00:00Z,toc,71.8
122,Pena_la_Vieja,2021-05-12T00:00:00Z,ton,12.7
122,Pena_la_Vieja,2021-05-12T00:00:00Z,silicate,2.16
122,Pena_la_Vieja,2021-05-12T00:00:00Z,phosphate,0.01
122,Pena_la_Vieja,2021-05-12T00:00:00Z,ammonium,0.34
122,Pena_la_Vieja,2021-05-12T00:00:00Z,nitrates_and_nitrites,0.8
123,Pena_la_Vieja,2021-06-28T00:00:00Z,toc,80.6
123,Pena_la_Vieja,2021-06-28T00:00:00Z,ton,17.9
123,Pena_la_Vieja,2021-06-28T00:00:00Z,silicate,6.28
123,Pena_la_Vieja,2021-06-28T00:00:00Z,phosphate,0.06
123,Pena_la_Vieja,2021-06-28T00:00:00Z,ammonium,0.44
123,Pena_la_Vieja,2021-06-28T00:00:00Z,nitrates_and_nitrites,3.96
124,Pena_la_Vieja,2021-07-27T00:00:00Z,toc,80.6
124,Pena_la_Vieja,2021-07-27T00:00:00Z,ton,10.7
124,Pena_la_Vieja,2021-07-27T00:00:00Z,silicate,1.51
124,Pena_la_Vieja,2021-07-27T00:00:00Z,phosphate,0.05
124,Pena_la_Vieja,2021-07-27T00:00:00Z,ammonium,0.38
124,Pena_la_Vieja,2021-07-27T00:00:00Z,nitrates_and_nitrites,0.87
125,Pena_la_Vieja,2021-12-13T00:00:00Z,toc,68.4
125,Pena_la_Vieja,2021-12-13T00:00:00Z,ton,5
125,Pena_la_Vieja,2021-12-13T00:00:00Z,silicate,1.45
125,Pena_la_Vieja,2021-12-13T00:00:00Z,phosphate,0.12
125,Pena_la_Vieja,2021-12-13T00:00:00Z,ammonium,0.28
125,Pena_la_Vieja,2021-12-13T00:00:00Z,nitrates_and_nitrites,0.735
126,Pena_la_Vieja,2022-01-24T00:00:00Z,toc,59.9
126,Pena_la_Vieja,2022-01-24T00:00:00Z,ton,15.9
126,Pena_la_Vieja,2022-01-24T00:00:00Z,silicate,2.31
126,Pena_la_Vieja,2022-01-24T00:00:00Z,phosphate,0.09
126,Pena_la_Vieja,2022-01-24T00:00:00Z,ammonium,0.25
126,Pena_la_Vieja,2022-01-24T00:00:00Z,nitrates_and_nitrites,3.355
127,Pena_la_Vieja,2022-02-15T00:00:00Z,toc,61.3
127,Pena_la_Vieja,2022-02-15T00:00:00Z,ton,20.8
127,Pena_la_Vieja,2022-02-15T00:00:00Z,silicate,4.03
127,Pena_la_Vieja,2022-02-15T00:00:00Z,phosphate,0.1
127,Pena_la_Vieja,2022-02-15T00:00:00Z,ammonium,0.21
127,Pena_la_Vieja,2022-02-15T00:00:00Z,nitrates_and_nitrites,7.255
128,Pena_la_Vieja,2022-03-21T00:00:00Z,toc,62.3
128,Pena_la_Vieja,2022-03-21T00:00:00Z,ton,11.9
128,Pena_la_Vieja,2022-03-21T00:00:00Z,silicate,2.42
128,Pena_la_Vieja,2022-03-21T00:00:00Z,phosphate,0.11
128,Pena_la_Vieja,2022-03-21T00:00:00Z,ammonium,0.11
128,Pena_la_Vieja,2022-03-21T00:00:00Z,nitrates_and_nitrites,8.525
129,Pena_la_Vieja,2022-04-18T00:00:00Z,toc,57.5
129,Pena_la_Vieja,2022-04-18T00:00:00Z,ton,16.8
129,Pena_la_Vieja,2022-04-18T00:00:00Z,silicate,0.41
129,Pena_la_Vieja,2022-04-18T00:00:00Z,phosphate,0
129,Pena_la_Vieja,2022-04-18T00:00:00Z,ammonium,0.12
129,Pena_la_Vieja,2022-04-18T00:00:00Z,nitrates_and_nitrites,3.715
130,Pena_la_Vieja,2022-05-16T00:00:00Z,toc,73.5
130,Pena_la_Vieja,2022-05-16T00:00:00Z,ton,27.4
130,Pena_la_Vieja,2022-05-16T00:00:00Z,silicate,1.495
130,Pena_la_Vieja,2022-05-16T00:00:00Z,phosphate,0.01
130,Pena_la_Vieja,2022-05-16T00:00:00Z,ammonium,0.7
130,Pena_la_Vieja,2022-05-16T00:00:00Z,nitrates_and_nitrites,18.265
131,Pena_la_Vieja,2022-06-14T00:00:00Z,toc,74.2
131,Pena_la_Vieja,2022-06-14T00:00:00Z,ton,18.1
131,Pena_la_Vieja,2022-06-14T00:00:00Z,silicate,0.555
131,Pena_la_Vieja,2022-06-14T00:00:00Z,phosphate,0
131,Pena_la_Vieja,2022-06-14T00:00:00Z,ammonium,0.22
131,Pena_la_Vieja,2022-06-14T00:00:00Z,nitrates_and_nitrites,3.78
132,Pena_la_Vieja,2022-07-28T00:00:00Z,toc,67.5
132,Pena_la_Vieja,2022-07-28T00:00:00Z,ton,17.1
132,Pena_la_Vieja,2022-07-28T00:00:00Z,silicate,0.475
132,Pena_la_Vieja,2022-07-28T00:00:00Z,phosphate,0
132,Pena_la_Vieja,2022-07-28T00:00:00Z,ammonium,0.49
132,Pena_la_Vieja,2022-07-28T00:00:00Z,nitrates_and_nitrites,4.16
133,Pena_la_Vieja,2022-08-25T00:00:00Z,toc,62.6
133,Pena_la_Vieja,2022-08-25T00:00:00Z,ton,18
133,Pena_la_Vieja,2022-08-25T00:00:00Z,silicate,0.525
133,Pena_la_Vieja,2022-08-25T00:00:00Z,phosphate,0
133,Pena_la_Vieja,2022-08-25T00:00:00Z,ammonium,0.3
133,Pena_la_Vieja,2022-08-25T00:00:00Z,nitrates_and_nitrites,0.775
134,Pena_la_Vieja,2022-10-10T00:00:00Z,toc,69.2
134,Pena_la_Vieja,2022-10-10T00:00:00Z,ton,17.2
134,Pena_la_Vieja,2022-10-10T00:00:00Z,silicate,0.26
134,Pena_la_Vieja,2022-10-10T00:00:00Z,phosphate,0
134,Pena_la_Vieja,2022-10-10T00:00:00Z,ammonium,0.28
134,Pena_la_Vieja,2022-10-10T00:00:00Z,nitrates_and_nitrites,1.255
135,Pena_la_Vieja,2022-11-10T00:00:00Z,toc,83.7
135,Pena_la_Vieja,2022-11-10T00:00:00Z,ton,3.18
135,Pena_la_Vieja,2022-11-10T00:00:00Z,silicate,3.11
135,Pena_la_Vieja,2022-11-10T00:00:00Z,phosphate,0.05
135,Pena_la_Vieja,2022-11-10T00:00:00Z,ammonium,0.28
135,Pena_la_Vieja,2022-11-10T00:00:00Z,nitrates_and_nitrites,3.02
136,Pena_la_Vieja,2023-01-24T00:00:00Z,toc,71.5
136,Pena_la_Vieja,2023-01-24T00:00:00Z,ton,3.38
136,Pena_la_Vieja,2023-01-24T00:00:00Z,silicate,6.16
136,Pena_la_Vieja,2023-01-24T00:00:00Z,phosphate,0.03
136,Pena_la_Vieja,2023-01-24T00:00:00Z,ammonium,0.19
136,Pena_la_Vieja,2023-01-24T00:00:00Z,nitrates_and_nitrites,3.94
137,Pena_la_Vieja,2023-02-22T00:00:00Z,toc,78.8
137,Pena_la_Vieja,2023-02-22T00:00:00Z,ton,2.38
137,Pena_la_Vieja,2023-02-22T00:00:00Z,silicate,4.03
137,Pena_la_Vieja,2023-02-22T00:00:00Z,phosphate,0.05
137,Pena_la_Vieja,2023-02-22T00:00:00Z,ammonium,0.3
137,Pena_la_Vieja,2023-02-22T00:00:00Z,nitrates_and_nitrites,2.57
138,Pena_la_Vieja,2023-03-30T00:00:00Z,toc,71.3
138,Pena_la_Vieja,2023-03-30T00:00:00Z,ton,9.8
138,Pena_la_Vieja,2023-03-30T00:00:00Z,silicate,1.2
138,Pena_la_Vieja,2023-03-30T00:00:00Z,phosphate,0.11
138,Pena_la_Vieja,2023-03-30T00:00:00Z,ammonium,0.55
138,Pena_la_Vieja,2023-03-30T00:00:00Z,nitrates_and_nitrites,1.08
139,Pena_la_Vieja,2023-04-30T00:00:00Z,toc,183.1
139,Pena_la_Vieja,2023-04-30T00:00:00Z,ton,13
139,Pena_la_Vieja,2023-04-30T00:00:00Z,silicate,4.99
139,Pena_la_Vieja,2023-04-30T00:00:00Z,phosphate,0.18
139,Pena_la_Vieja,2023-04-30T00:00:00Z,ammonium,0
139,Pena_la_Vieja,2023-04-30T00:00:00Z,nitrates_and_nitrites,1.33
140,Cicer,2020-04-28T00:00:00Z,toc,79.2
140,Cicer,2020-04-28T00:00:00Z,ton,7.2
140,Cicer,2020-04-28T00:00:00Z,silicate,0.94
140,Cicer,2020-04-28T00:00:00Z,phosphate,0.05
140,Cicer,2020-04-28T00:00:00Z,ammonium,0
140,Cicer,2020-04-28T00:00:00Z,nitrates_and_nitrites,0.17
141,Cicer,2020-05-26T00:00:00Z,toc,71.1
141,Cicer,2020-05-26T00:00:00Z,ton,5.7
141,Cicer,2020-05-26T00:00:00Z,silicate,1.04
141,Cicer,2020-05-26T00:00:00Z,phosphate,0.07
141,Cicer,2020-05-26T00:00:00Z,ammonium,1.01
141,Cicer,2020-05-26T00:00:00Z,nitrates_and_nitrites,0.31
142,Cicer,2020-07-06T00:00:00Z,toc,82.6
142,Cicer,2020-07-06T00:00:00Z,ton,7.1
142,Cicer,2020-07-06T00:00:00Z,silicate,1.14
142,Cicer,2020-07-06T00:00:00Z,phosphate,0.15
142,Cicer,2020-07-06T00:00:00Z,ammonium,0.18
142,Cicer,2020-07-06T00:00:00Z,nitrates_and_nitrites,0.26
143,Cicer,2020-08-10T00:00:00Z,toc,84.2
143,Cicer,2020-08-10T00:00:00Z,ton,6.3
143,Cicer,2020-08-10T00:00:00Z,silicate,0.94
143,Cicer,2020-08-10T00:00:00Z,phosphate,0.08
143,Cicer,2020-08-10T00:00:00Z,ammonium,1.5
143,Cicer,2020-08-10T00:00:00Z,nitrates_and_nitrites,0.45
144,Cicer,2020-08-31T00:00:00Z,toc,74.5
144,Cicer,2020-08-31T00:00:00Z,ton,5.6
144,Cicer,2020-08-31T00:00:00Z,silicate,0.7
144,Cicer,2020-08-31T00:00:00Z,phosphate,0.01
144,Cicer,2020-08-31T00:00:00Z,ammonium,0.19
144,Cicer,2020-08-31T00:00:00Z,nitrates_and_nitrites,0.32
146,Cicer,2020-11-02T00:00:00Z,toc,62.7
146,Cicer,2020-11-02T00:00:00Z,ton,7.7
146,Cicer,2020-11-02T00:00:00Z,silicate,1.58
146,Cicer,2020-11-02T00:00:00Z,phosphate,0.05
146,Cicer,2020-11-02T00:00:00Z,ammonium,0.3
146,Cicer,2020-11-02T00:00:00Z,nitrates_and_nitrites,0.33
147,Cicer,2020-12-01T00:00:00Z,toc,88.8
147,Cicer,2020-12-01T00:00:00Z,ton,10.8
147,Cicer,2020-12-01T00:00:00Z,silicate,1.8
147,Cicer,2020-12-01T00:00:00Z,phosphate,0.2
147,Cicer,2020-12-01T00:00:00Z,ammonium,0.29
147,Cicer,2020-12-01T00:00:00Z,nitrates_and_nitrites,0.42
148,Cicer,2021-01-18T00:00:00Z,toc,73.5
148,Cicer,2021-01-18T00:00:00Z,ton,7.2
148,Cicer,2021-01-18T00:00:00Z,silicate,0.84
148,Cicer,2021-01-18T00:00:00Z,phosphate,0.05
148,Cicer,2021-01-18T00:00:00Z,ammonium,0.11
148,Cicer,2021-01-18T00:00:00Z,nitrates_and_nitrites,0.25
149,Cicer,2021-03-02T00:00:00Z,toc,NA
149,Cicer,2021-03-02T00:00:00Z,ton,13.1
149,Cicer,2021-03-02T00:00:00Z,silicate,0.96
149,Cicer,2021-03-02T00:00:00Z,phosphate,0.08
149,Cicer,2021-03-02T00:00:00Z,ammonium,0.12
149,Cicer,2021-03-02T00:00:00Z,nitrates_and_nitrites,0.1
150,Cicer,2021-04-14T00:00:00Z,toc,NA
150,Cicer,2021-04-14T00:00:00Z,ton,12.6
150,Cicer,2021-04-14T00:00:00Z,silicate,1.74
150,Cicer,2021-04-14T00:00:00Z,phosphate,0.06
150,Cicer,2021-04-14T00:00:00Z,ammonium,0.05
150,Cicer,2021-04-14T00:00:00Z,nitrates_and_nitrites,0.49
151,Cicer,2021-05-12T00:00:00Z,toc,61.7
151,Cicer,2021-05-12T00:00:00Z,ton,11.7
151,Cicer,2021-05-12T00:00:00Z,silicate,0.78
151,Cicer,2021-05-12T00:00:00Z,phosphate,0
151,Cicer,2021-05-12T00:00:00Z,ammonium,0.06
151,Cicer,2021-05-12T00:00:00Z,nitrates_and_nitrites,0.05
152,Cicer,2021-06-28T00:00:00Z,toc,66.1
152,Cicer,2021-06-28T00:00:00Z,ton,12.6
152,Cicer,2021-06-28T00:00:00Z,silicate,1.42
152,Cicer,2021-06-28T00:00:00Z,phosphate,0.08
152,Cicer,2021-06-28T00:00:00Z,ammonium,0.14
152,Cicer,2021-06-28T00:00:00Z,nitrates_and_nitrites,0.72
